{
   "goldCount": {
      "Quantity": 1087,
      "MeasuredEntity": 1056,
      "MeasuredProperty": 686,
      "Qualifier": 293
   },
   "h0Count": {
      "Number": 939,
      "Unit": 939,
      "MeasuredEntity": 67,
      "total": 2374
   },
   "QuantityPrecision": 0.3955349620893008,
   "QuantityRecall": 0.8638454461821528,
   "QuantityF1": 0.542617740537417,
   "MEPrecision": 0.02822240943555181,
   "MERecall": 0.061637534498620056,
   "MEF1": 0.038717133776365216
}