{
   "goldCount": {
      "Quantity": 1087,
      "MeasuredEntity": 1056,
      "MeasuredProperty": 686,
      "Qualifier": 293
   },
   "h0Count": {
      "Number": 850,
      "Unit": 850,
      "MeasuredEntity": 64,
      "total": 2098
   },
   "QuantityPrecision": 0.4051477597712107,
   "QuantityRecall": 0.7819687212511499,
   "QuantityF1": 0.5337519623233908,
   "MEPrecision": 0.030505243088655862,
   "MERecall": 0.05887764489420423,
   "MEF1": 0.0401883830455259
}