{
   "goldCount": {
      "Quantity": 1087,
      "MeasuredEntity": 1056,
      "MeasuredProperty": 686,
      "Qualifier": 293
   },
   "h0Count": {
      "Number": 1071,
      "Unit": 1071,
      "MeasuredEntity": 77,
      "total": 2913
   },
   "QuantityPrecision": 0.36766220391349125,
   "QuantityRecall": 0.985280588776449,
   "QuantityF1": 0.5355,
   "MEPrecision": 0.026433230346721594,
   "MERecall": 0.07083716651333946,
   "MEF1": 0.0385
}