{
   "goldCount": {
      "Quantity": 1087,
      "MeasuredEntity": 1056,
      "MeasuredProperty": 686,
      "Qualifier": 293
   },
   "h0Count": {
      "Number": 1056,
      "Unit": 1056,
      "MeasuredEntity": 77,
      "total": 2868
   },
   "QuantityPrecision": 0.3682008368200837,
   "QuantityRecall": 0.9714811407543699,
   "QuantityF1": 0.534007585335019,
   "MEPrecision": 0.02684797768479777,
   "MERecall": 0.07083716651333946,
   "MEF1": 0.03893805309734513
}