{
   "goldCount": {
      "Quantity": 1087,
      "MeasuredEntity": 1056,
      "MeasuredProperty": 686,
      "Qualifier": 293
   },
   "h0Count": {
      "Number": 960,
      "Unit": 960,
      "MeasuredEntity": 69,
      "total": 2583
   },
   "QuantityPrecision": 0.3716608594657375,
   "QuantityRecall": 0.8831646734130635,
   "QuantityF1": 0.5231607629427794,
   "MEPrecision": 0.026713124274099883,
   "MERecall": 0.06347746090156393,
   "MEF1": 0.037602179836512255
}