{
   "goldCount": {
      "Quantity": 1087,
      "MeasuredEntity": 1056,
      "MeasuredProperty": 686,
      "Qualifier": 293
   },
   "h0Count": {
      "Number": 1068,
      "Unit": 1068,
      "MeasuredEntity": 77,
      "total": 2948
   },
   "QuantityPrecision": 0.3622795115332429,
   "QuantityRecall": 0.9825206991720331,
   "QuantityF1": 0.5293680297397769,
   "MEPrecision": 0.026119402985074626,
   "MERecall": 0.07083716651333946,
   "MEF1": 0.03816604708798017
}