{
   "goldCount": {
      "Quantity": 1087,
      "MeasuredEntity": 1056,
      "MeasuredProperty": 686,
      "Qualifier": 293
   },
   "h0Count": {
      "Number": 982,
      "Unit": 982,
      "MeasuredEntity": 74,
      "total": 2682
   },
   "QuantityPrecision": 0.366144668158091,
   "QuantityRecall": 0.9034038638454461,
   "QuantityF1": 0.5210931281507031,
   "MEPrecision": 0.027591349739000747,
   "MERecall": 0.06807727690892364,
   "MEF1": 0.03926771026797559
}