{
   "goldCount": {
      "Quantity": 1087,
      "MeasuredEntity": 1056,
      "MeasuredProperty": 686,
      "Qualifier": 293
   },
   "h0Count": {
      "Number": 1022,
      "Unit": 1022,
      "MeasuredEntity": 73,
      "total": 2748
   },
   "QuantityPrecision": 0.37190684133915575,
   "QuantityRecall": 0.9402023919043239,
   "QuantityF1": 0.5329856584093873,
   "MEPrecision": 0.026564774381368266,
   "MERecall": 0.0671573137074517,
   "MEF1": 0.03807040417209909
}