{
   "goldCount": {
      "Quantity": 1087,
      "MeasuredEntity": 1056,
      "MeasuredProperty": 686,
      "Qualifier": 293
   },
   "h0Count": {
      "Number": 1071,
      "Unit": 1071,
      "MeasuredEntity": 77,
      "total": 2958
   },
   "QuantityPrecision": 0.3620689655172414,
   "QuantityRecall": 0.985280588776449,
   "QuantityF1": 0.5295426452410383,
   "MEPrecision": 0.026031102096010818,
   "MERecall": 0.07083716651333946,
   "MEF1": 0.0380716934487021
}