{
   "goldCount": {
      "Quantity": 1087,
      "MeasuredEntity": 1056,
      "MeasuredProperty": 686,
      "Qualifier": 293
   },
   "h0Count": {
      "Number": 1006,
      "Unit": 1006,
      "MeasuredEntity": 71,
      "total": 2684
   },
   "QuantityPrecision": 0.37481371087928467,
   "QuantityRecall": 0.9254829806807727,
   "QuantityF1": 0.5335454786528773,
   "MEPrecision": 0.02645305514157973,
   "MERecall": 0.06531738730450783,
   "MEF1": 0.037655794219040035
}