{
   "goldCount": {
      "Quantity": 1087,
      "MeasuredEntity": 1056,
      "MeasuredProperty": 686,
      "Qualifier": 293
   },
   "h0Count": {
      "Number": 1076,
      "Unit": 1076,
      "MeasuredEntity": 201,
      "total": 2913
   },
   "QuantityPrecision": 0.36937864744249915,
   "QuantityRecall": 0.9898804047838087,
   "QuantityF1": 0.5379999999999999,
   "MEPrecision": 0.0690010298661174,
   "MERecall": 0.18491260349586017,
   "MEF1": 0.10049999999999999
}